{
    "ConfigGeral": {
        "Status": "OFF",
        "ColorEmbed": "#5353ec",
        "TermosCompra": "Não definido",
        "MercadoPagoConfig": {
            "PixToggle": "OFF",
            "SiteToggle": "OFF",
            "TimePagament": "20",
            "TokenAcessMP": ""
        },
        "SaldoConfig": {
            "SaldoStatus": "OFF",
            "Bonus": "10",
            "ValorMinimo": "10"
        },
        "SemiAutoConfig": {
            "SemiAutoStatus": "OFF",
            "typepix": "",
            "pix": "",
            "qrcode": ""
        },
        "CashBack": {
            "ToggleCashBack": "OFF",
            "Porcentagem": "10"
        },
        "StatusBot": {
            "typestatus": null,
            "ativistatus": null,
            "textstatus": null,
            "urlstatus": null
        },
        "perms": [
            "413749917396238336",
            "1253882998084862085"
        ]
    }
}